--liquibase formatted sql

--changeset gorlov:006-seed-data
INSERT INTO users (id, login, password_hash, birth_date, email, created_at, updated_at, removed)
VALUES
    ('00000000-0000-0000-0000-000000000101', 'clientseed',
     'aaaaaaaaaaaaaaaaaaaaaaaaaaaaaaaaaaaaaaaaaaaaaaaaaaaaaaaaaaaaaaaa',
     '1994-01-01', 'clientseed@example.com', '2026-04-10 12:00:00+00', '2026-04-10 12:00:00+00', false),
    ('00000000-0000-0000-0000-000000000102', 'storeseed',
     'bbbbbbbbbbbbbbbbbbbbbbbbbbbbbbbbbbbbbbbbbbbbbbbbbbbbbbbbbbbbbbbb',
     '1991-02-02', 'storeseed@example.com', '2026-04-10 12:00:00+00', '2026-04-10 12:00:00+00', false)
ON CONFLICT DO NOTHING;

-- Spare parts: 5 of each type
INSERT INTO spare_parts (id, price, type, created_at, updated_at, removed)
VALUES
    ('00000000-0000-0000-0000-000000001001', 1.111, 0, '2026-04-10 12:00:00+00', '2026-04-10 12:00:00+00', false),
    ('00000000-0000-0000-0000-000000001002', 1.222, 0, '2026-04-10 12:00:00+00', '2026-04-10 12:00:00+00', false),
    ('00000000-0000-0000-0000-000000001003', 1.333, 0, '2026-04-10 12:00:00+00', '2026-04-10 12:00:00+00', false),
    ('00000000-0000-0000-0000-000000001004', 1.444, 0, '2026-04-10 12:00:00+00', '2026-04-10 12:00:00+00', false),
    ('00000000-0000-0000-0000-000000001005', 1.555, 0, '2026-04-10 12:00:00+00', '2026-04-10 12:00:00+00', false),
    ('00000000-0000-0000-0000-000000001101', 2.111, 1, '2026-04-10 12:00:00+00', '2026-04-10 12:00:00+00', false),
    ('00000000-0000-0000-0000-000000001102', 2.222, 1, '2026-04-10 12:00:00+00', '2026-04-10 12:00:00+00', false),
    ('00000000-0000-0000-0000-000000001103', 2.333, 1, '2026-04-10 12:00:00+00', '2026-04-10 12:00:00+00', false),
    ('00000000-0000-0000-0000-000000001104', 2.444, 1, '2026-04-10 12:00:00+00', '2026-04-10 12:00:00+00', false),
    ('00000000-0000-0000-0000-000000001105', 2.555, 1, '2026-04-10 12:00:00+00', '2026-04-10 12:00:00+00', false),
    ('00000000-0000-0000-0000-000000001201', 0.611, 2, '2026-04-10 12:00:00+00', '2026-04-10 12:00:00+00', false),
    ('00000000-0000-0000-0000-000000001202', 0.722, 2, '2026-04-10 12:00:00+00', '2026-04-10 12:00:00+00', false),
    ('00000000-0000-0000-0000-000000001203', 0.833, 2, '2026-04-10 12:00:00+00', '2026-04-10 12:00:00+00', false),
    ('00000000-0000-0000-0000-000000001204', 0.944, 2, '2026-04-10 12:00:00+00', '2026-04-10 12:00:00+00', false),
    ('00000000-0000-0000-0000-000000001205', 1.055, 2, '2026-04-10 12:00:00+00', '2026-04-10 12:00:00+00', false),
    ('00000000-0000-0000-0000-000000001301', 0.811, 3, '2026-04-10 12:00:00+00', '2026-04-10 12:00:00+00', false),
    ('00000000-0000-0000-0000-000000001302', 0.922, 3, '2026-04-10 12:00:00+00', '2026-04-10 12:00:00+00', false),
    ('00000000-0000-0000-0000-000000001303', 1.033, 3, '2026-04-10 12:00:00+00', '2026-04-10 12:00:00+00', false),
    ('00000000-0000-0000-0000-000000001304', 1.144, 3, '2026-04-10 12:00:00+00', '2026-04-10 12:00:00+00', false),
    ('00000000-0000-0000-0000-000000001305', 1.255, 3, '2026-04-10 12:00:00+00', '2026-04-10 12:00:00+00', false)
ON CONFLICT DO NOTHING;

-- Cars
INSERT INTO cars (id, brand, model, price, body_type, engine_type, power, engine_volume,
                  transmission_type, driveshaft_type, color, test_drive_allowed,
                  created_at, updated_at, removed)
VALUES
    ('00000000-0000-0000-0000-000000000201', 'Toyota',   'CamrySeed',  3500.500, 0, 0, 200, 2.5, 1, 0, 'white',  true, '2026-04-10 12:00:00+00', '2026-04-10 12:00:00+00', false),
    ('00000000-0000-0000-0000-000000000202', 'BMW',      'M3Seed',     6200.200, 2, 0, 480, 3.0, 0, 1, 'blue',   true, '2026-04-10 12:00:00+00', '2026-04-10 12:00:00+00', false),
    ('00000000-0000-0000-0000-000000000203', 'Mercedes', 'E220Seed',   5400.700, 0, 1, 194, 2.0, 1, 1, 'black',  true, '2026-04-10 12:00:00+00', '2026-04-10 12:00:00+00', false),
    ('00000000-0000-0000-0000-000000000204', 'Honda',    'AccordSeed', 3300.600, 0, 0, 192, 1.8, 1, 0, 'silver', true, '2026-04-10 12:00:00+00', '2026-04-10 12:00:00+00', false),
    ('00000000-0000-0000-0000-000000000205', 'Audi',     'A6Seed',     5700.300, 1, 0, 265, 3.0, 1, 2, 'gray',   true, '2026-04-10 12:00:00+00', '2026-04-10 12:00:00+00', false)
ON CONFLICT DO NOTHING;

INSERT INTO car_default_spare_parts (car_id, spare_part_id)
VALUES
    ('00000000-0000-0000-0000-000000000201', '00000000-0000-0000-0000-000000001001'),
    ('00000000-0000-0000-0000-000000000201', '00000000-0000-0000-0000-000000001101'),
    ('00000000-0000-0000-0000-000000000201', '00000000-0000-0000-0000-000000001201'),
    ('00000000-0000-0000-0000-000000000201', '00000000-0000-0000-0000-000000001301'),
    ('00000000-0000-0000-0000-000000000202', '00000000-0000-0000-0000-000000001002'),
    ('00000000-0000-0000-0000-000000000202', '00000000-0000-0000-0000-000000001102'),
    ('00000000-0000-0000-0000-000000000202', '00000000-0000-0000-0000-000000001202'),
    ('00000000-0000-0000-0000-000000000202', '00000000-0000-0000-0000-000000001302'),
    ('00000000-0000-0000-0000-000000000203', '00000000-0000-0000-0000-000000001003'),
    ('00000000-0000-0000-0000-000000000203', '00000000-0000-0000-0000-000000001103'),
    ('00000000-0000-0000-0000-000000000203', '00000000-0000-0000-0000-000000001203'),
    ('00000000-0000-0000-0000-000000000203', '00000000-0000-0000-0000-000000001303'),
    ('00000000-0000-0000-0000-000000000204', '00000000-0000-0000-0000-000000001004'),
    ('00000000-0000-0000-0000-000000000204', '00000000-0000-0000-0000-000000001104'),
    ('00000000-0000-0000-0000-000000000204', '00000000-0000-0000-0000-000000001204'),
    ('00000000-0000-0000-0000-000000000204', '00000000-0000-0000-0000-000000001304'),
    ('00000000-0000-0000-0000-000000000205', '00000000-0000-0000-0000-000000001005'),
    ('00000000-0000-0000-0000-000000000205', '00000000-0000-0000-0000-000000001105'),
    ('00000000-0000-0000-0000-000000000205', '00000000-0000-0000-0000-000000001205'),
    ('00000000-0000-0000-0000-000000000205', '00000000-0000-0000-0000-000000001305')
ON CONFLICT DO NOTHING;

INSERT INTO cars_allowed_spare_parts (car_id, spare_part_id)
VALUES
    ('00000000-0000-0000-0000-000000000201', '00000000-0000-0000-0000-000000001001'),
    ('00000000-0000-0000-0000-000000000201', '00000000-0000-0000-0000-000000001101'),
    ('00000000-0000-0000-0000-000000000201', '00000000-0000-0000-0000-000000001201'),
    ('00000000-0000-0000-0000-000000000201', '00000000-0000-0000-0000-000000001301'),
    ('00000000-0000-0000-0000-000000000201', '00000000-0000-0000-0000-000000001002'),
    ('00000000-0000-0000-0000-000000000201', '00000000-0000-0000-0000-000000001102'),
    ('00000000-0000-0000-0000-000000000201', '00000000-0000-0000-0000-000000001202'),
    ('00000000-0000-0000-0000-000000000201', '00000000-0000-0000-0000-000000001302'),
    ('00000000-0000-0000-0000-000000000202', '00000000-0000-0000-0000-000000001002'),
    ('00000000-0000-0000-0000-000000000202', '00000000-0000-0000-0000-000000001102'),
    ('00000000-0000-0000-0000-000000000202', '00000000-0000-0000-0000-000000001202'),
    ('00000000-0000-0000-0000-000000000202', '00000000-0000-0000-0000-000000001302'),
    ('00000000-0000-0000-0000-000000000202', '00000000-0000-0000-0000-000000001003'),
    ('00000000-0000-0000-0000-000000000202', '00000000-0000-0000-0000-000000001103'),
    ('00000000-0000-0000-0000-000000000202', '00000000-0000-0000-0000-000000001203'),
    ('00000000-0000-0000-0000-000000000202', '00000000-0000-0000-0000-000000001303'),
    ('00000000-0000-0000-0000-000000000203', '00000000-0000-0000-0000-000000001003'),
    ('00000000-0000-0000-0000-000000000203', '00000000-0000-0000-0000-000000001103'),
    ('00000000-0000-0000-0000-000000000203', '00000000-0000-0000-0000-000000001203'),
    ('00000000-0000-0000-0000-000000000203', '00000000-0000-0000-0000-000000001303'),
    ('00000000-0000-0000-0000-000000000203', '00000000-0000-0000-0000-000000001004'),
    ('00000000-0000-0000-0000-000000000203', '00000000-0000-0000-0000-000000001104'),
    ('00000000-0000-0000-0000-000000000203', '00000000-0000-0000-0000-000000001204'),
    ('00000000-0000-0000-0000-000000000203', '00000000-0000-0000-0000-000000001304'),
    ('00000000-0000-0000-0000-000000000204', '00000000-0000-0000-0000-000000001004'),
    ('00000000-0000-0000-0000-000000000204', '00000000-0000-0000-0000-000000001104'),
    ('00000000-0000-0000-0000-000000000204', '00000000-0000-0000-0000-000000001204'),
    ('00000000-0000-0000-0000-000000000204', '00000000-0000-0000-0000-000000001304'),
    ('00000000-0000-0000-0000-000000000204', '00000000-0000-0000-0000-000000001005'),
    ('00000000-0000-0000-0000-000000000204', '00000000-0000-0000-0000-000000001105'),
    ('00000000-0000-0000-0000-000000000204', '00000000-0000-0000-0000-000000001205'),
    ('00000000-0000-0000-0000-000000000204', '00000000-0000-0000-0000-000000001305'),
    ('00000000-0000-0000-0000-000000000205', '00000000-0000-0000-0000-000000001005'),
    ('00000000-0000-0000-0000-000000000205', '00000000-0000-0000-0000-000000001105'),
    ('00000000-0000-0000-0000-000000000205', '00000000-0000-0000-0000-000000001205'),
    ('00000000-0000-0000-0000-000000000205', '00000000-0000-0000-0000-000000001305'),
    ('00000000-0000-0000-0000-000000000205', '00000000-0000-0000-0000-000000001001'),
    ('00000000-0000-0000-0000-000000000205', '00000000-0000-0000-0000-000000001101'),
    ('00000000-0000-0000-0000-000000000205', '00000000-0000-0000-0000-000000001201'),
    ('00000000-0000-0000-0000-000000000205', '00000000-0000-0000-0000-000000001301')
ON CONFLICT DO NOTHING;

INSERT INTO common_orders (id, car_id, client_id, manager_id, price, created_at, updated_at, state, removed)
VALUES
    ('00000000-0000-0000-0000-000000000301', '00000000-0000-0000-0000-000000000201', '00000000-0000-0000-0000-000000000101', '00000000-0000-0000-0000-000000000102', 3500.500, '2026-04-10 12:00:00+00', '2026-04-10 12:00:00+00', 5, false),
    ('00000000-0000-0000-0000-000000000302', '00000000-0000-0000-0000-000000000203', '00000000-0000-0000-0000-000000000101', '00000000-0000-0000-0000-000000000102', 5400.700, '2026-04-10 12:00:00+00', '2026-04-10 12:00:00+00', 5, false)
ON CONFLICT DO NOTHING;

INSERT INTO custom_orders (id, car_id, client_id, manager_id, price, state, created_at, updated_at, removed)
VALUES
    ('00000000-0000-0000-0000-000000000401', '00000000-0000-0000-0000-000000000202', '00000000-0000-0000-0000-000000000101', '00000000-0000-0000-0000-000000000102', 6200.644, 6, '2026-04-10 12:00:00+00', '2026-04-10 12:00:00+00', false),
    ('00000000-0000-0000-0000-000000000402', '00000000-0000-0000-0000-000000000204', '00000000-0000-0000-0000-000000000101', '00000000-0000-0000-0000-000000000102', 3301.044, 6, '2026-04-10 12:00:00+00', '2026-04-10 12:00:00+00', false)
ON CONFLICT DO NOTHING;

INSERT INTO custom_order_parts (order_id, spare_part_id)
VALUES
    ('00000000-0000-0000-0000-000000000401', '00000000-0000-0000-0000-000000001003'),
    ('00000000-0000-0000-0000-000000000401', '00000000-0000-0000-0000-000000001103'),
    ('00000000-0000-0000-0000-000000000401', '00000000-0000-0000-0000-000000001203'),
    ('00000000-0000-0000-0000-000000000401', '00000000-0000-0000-0000-000000001303'),
    ('00000000-0000-0000-0000-000000000402', '00000000-0000-0000-0000-000000001005'),
    ('00000000-0000-0000-0000-000000000402', '00000000-0000-0000-0000-000000001105'),
    ('00000000-0000-0000-0000-000000000402', '00000000-0000-0000-0000-000000001205'),
    ('00000000-0000-0000-0000-000000000402', '00000000-0000-0000-0000-000000001305')
ON CONFLICT DO NOTHING;

INSERT INTO test_drives (id, car_id, client_id, start, created_at, updated_at, removed)
VALUES
    ('00000000-0000-0000-0000-000000000501', '00000000-0000-0000-0000-000000000201', '00000000-0000-0000-0000-000000000101', '2026-04-15 10:00:00+00', '2026-04-10 12:00:00+00', '2026-04-10 12:00:00+00', false),
    ('00000000-0000-0000-0000-000000000502', '00000000-0000-0000-0000-000000000205', '00000000-0000-0000-0000-000000000101', '2026-04-16 11:00:00+00', '2026-04-10 12:00:00+00', '2026-04-10 12:00:00+00', false)
ON CONFLICT DO NOTHING;

--rollback DELETE FROM test_drives WHERE id IN ('00000000-0000-0000-0000-000000000501', '00000000-0000-0000-0000-000000000502');
--rollback DELETE FROM custom_order_parts WHERE order_id IN ('00000000-0000-0000-0000-000000000401', '00000000-0000-0000-0000-000000000402');
--rollback DELETE FROM custom_orders WHERE id IN ('00000000-0000-0000-0000-000000000401', '00000000-0000-0000-0000-000000000402');
--rollback DELETE FROM common_orders WHERE id IN ('00000000-0000-0000-0000-000000000301', '00000000-0000-0000-0000-000000000302');
--rollback DELETE FROM cars_allowed_spare_parts WHERE car_id IN ('00000000-0000-0000-0000-000000000201', '00000000-0000-0000-0000-000000000202', '00000000-0000-0000-0000-000000000203', '00000000-0000-0000-0000-000000000204', '00000000-0000-0000-0000-000000000205');
--rollback DELETE FROM car_default_spare_parts WHERE car_id IN ('00000000-0000-0000-0000-000000000201', '00000000-0000-0000-0000-000000000202', '00000000-0000-0000-0000-000000000203', '00000000-0000-0000-0000-000000000204', '00000000-0000-0000-0000-000000000205');
--rollback DELETE FROM cars WHERE id IN ('00000000-0000-0000-0000-000000000201', '00000000-0000-0000-0000-000000000202', '00000000-0000-0000-0000-000000000203', '00000000-0000-0000-0000-000000000204', '00000000-0000-0000-0000-000000000205');
--rollback DELETE FROM spare_parts WHERE id IN ('00000000-0000-0000-0000-000000001001', '00000000-0000-0000-0000-000000001002', '00000000-0000-0000-0000-000000001003', '00000000-0000-0000-0000-000000001004', '00000000-0000-0000-0000-000000001005', '00000000-0000-0000-0000-000000001101', '00000000-0000-0000-0000-000000001102', '00000000-0000-0000-0000-000000001103', '00000000-0000-0000-0000-000000001104', '00000000-0000-0000-0000-000000001105', '00000000-0000-0000-0000-000000001201', '00000000-0000-0000-0000-000000001202', '00000000-0000-0000-0000-000000001203', '00000000-0000-0000-0000-000000001204', '00000000-0000-0000-0000-000000001205', '00000000-0000-0000-0000-000000001301', '00000000-0000-0000-0000-000000001302', '00000000-0000-0000-0000-000000001303', '00000000-0000-0000-0000-000000001304', '00000000-0000-0000-0000-000000001305');
--rollback DELETE FROM users WHERE id IN ('00000000-0000-0000-0000-000000000101', '00000000-0000-0000-0000-000000000102');
